{"cameraMode":{"drawMode":0,"name":"Shaded","section":"Shading Mode"},"sceneLighting":true,"audioPlay":false,"sceneViewState":{"showFog":true,"showMaterialUpdate":true,"showSkybox":true,"showFlares":true,"showImageEffects":true,"showParticleSystems":true},"in2DMode":false,"pivot":{"x":52.78564453125,"y":-30.52475357055664,"z":16.805940628051759},"rotation":{"x":0.252681165933609,"y":0.654956042766571,"z":-0.24788112938404084,"w":0.6676374673843384},"size":100.80201721191406,"orthographic":false}